DATE,CPD_ID,SERIES_ID,SMILES,pIC50
2006-02-14,CPD_0,Indole,CC1CN(C(=O)c2c(Oc3ccccc3)n(-c3ccccc3)c3ccccc23)C(C)CN1,4.142366014849992
2006-02-14,CPD_1,Indole,CC1CN(C(=O)c2c(Oc3ccccc3)n(-c3ccccc3)c3ccccc23)CCN1,5.189767482004915
2006-02-14,CPD_2,Indole,O=C(c1c(Oc2ccccc2)n(-c2ccccc2)c2ccccc12)N1CCCNCC1,5.467245621007502
2006-03-02,CPD_3,Indole,CC(C)c1ccc(Oc2c(C(=O)N3CCNCC3)c3ccccc3n2-c2ccccc2)cc1,4.669586226650809
2006-03-02,CPD_4,Indole,Cc1ccc(Oc2c(C(=O)N3CCNCC3)c3ccccc3n2-c2ccccc2)cc1,4.822463500070137
2006-03-02,CPD_5,Indole,O=C(c1c(Nc2ccccc2)n(-c2ccccc2)c2ccccc12)N1CCNCC1,4.500312917381596
2006-03-02,CPD_6,Indole,O=C(c1c(Oc2ccc(-c3ccccc3)cc2)n(-c2ccccc2)c2ccccc12)N1CCNCC1,4.665546248849068
2006-03-02,CPD_7,Indole,O=C(c1c(Oc2ccccc2)n(Cc2ccccc2)c2ccccc12)N1CCNCC1,5.525055664534612
2006-03-06,CPD_8,Indole,N=C(N)NC(=O)c1c(Oc2ccccc2)n(-c2ccccc2)c2ccccc12,4.268814292366
2006-03-06,CPD_9,Indole,O=C(NC1CCNC1)c1c(Oc2ccccc2)n(-c2ccccc2)c2ccccc12,4.560667306169737
2006-03-06,CPD_10,Indole,O=C(NC1CCNCC1)c1c(Oc2ccccc2)n(-c2ccccc2)c2ccccc12,4.525055664534611
2006-03-06,CPD_11,Indole,CN(c1ccccc1)c1c(C(=O)N2CCNCC2)c2ccccc2n1-c1ccccc1,5.500312917381596
2006-03-06,CPD_12,Indole,CCOc1cccc(Oc2c(C(=O)N3CCNCC3)c3ccccc3n2-c2ccccc2)c1,4.644931793651149
2006-03-09,CPD_13,Indole,O=C(NC1CNC1)c1c(Oc2ccccc2)n(-c2ccccc2)c2ccccc12,4.462810773756355
2006-03-09,CPD_14,Indole,O=C(c1c(Oc2cccnc2)n(-c2ccccc2)c2ccccc12)N1CCNCC1,4.866461091629782
2006-03-21,CPD_15,Acylguanidine,CCCC/N=C(/N)NC(=O)CCc1ccc(-c2ccc(OC(C)C)cc2)c(OCCCOC)c1,5.269621531412357
2006-04-12,CPD_16,Indole,O=C(c1c(Oc2ccccc2F)n(-c2ccccc2)c2ccccc12)N1CCNCC1,7.2839966563652
2006-04-12,CPD_17,Indole,O=C(c1c(Oc2cccc(F)c2)n(-c2ccccc2)c2ccccc12)N1CCNCC1,7.200659450546417
2006-04-12,CPD_18,Indole,Cc1cccc(Oc2c(C(=O)N3CCNCC3)c3ccccc3n2-c2ccccc2)c1,6.111820506081674
2006-04-12,CPD_19,Indole,O=C(c1c(Oc2ccc(F)cc2)n(-c2ccccc2)c2ccccc12)N1CCNCC1,6.313363730737706
2006-04-24,CPD_20,Indole,O=C(c1c(Cc2ccccc2)n(-c2ccccc2)c2ccccc12)N1CCNCC1,7.040958607678906
2006-04-24,CPD_21,Acylguanidine,COCCCOc1cc(CCC(=O)NC(=N)N)ccc1-c1ccc(OCC2CC2)cc1,5.485452247339714
2006-04-25,CPD_22,Acylguanidine,COCCCOc1cc(CCC(=O)NC(=N)N)ccc1-c1ccc(C)c(F)c1,5.84163750790475
2006-04-25,CPD_23,Acylguanidine,COCCCOc1cc(CCC(=O)NC(=N)N)ccc1-c1cc(F)cc(F)c1,5.41907502432438
2006-04-25,CPD_24,Acylguanidine,COCCCOc1cc(CCC(=O)NC(=N)N)ccc1-c1ccc(C)c(C)c1,5.621602099051862
2006-04-25,CPD_25,Acylguanidine,COCCCOc1cc(CCC(=O)NC(=N)N)ccc1-c1cccc(C(C)C)c1,5.442492798094341
2006-04-25,CPD_26,Acylguanidine,COCCCOc1cc(CCC(=O)NC(=N)N)ccc1-c1ccc2nonc2c1,5.438898616350944
2006-05-02,CPD_27,Acylguanidine,CCCCNC(=N)NC(=O)CCc1ccc(-c2ccc(F)cc2)c(OCCCOC)c1,5.815166666066646
2006-05-11,CPD_28,Indole,O=C(c1c(-c2ccccc2)n(-c2ccccc2)c2ccccc12)N1CCNCC1,4.913640169325251
2006-06-19,CPD_29,Indole,CC(C)c1ccccc1Oc1c(C(=O)N2CCNCC2)c2ccccc2n1-c1ccccc1,5.752026733638193
2006-06-19,CPD_30,Indole,Cc1ccccc1Cc1c(C(=O)N2CCNCC2)c2ccccc2n1-c1ccccc1,6.906578314837764
2006-06-19,CPD_31,Indole,Cc1cccc(C)c1Oc1c(C(=O)N2CCNCC2)c2ccccc2n1-c1ccccc1,7.193820026016112
2006-06-19,CPD_32,Indole,O=C(c1c(Cc2ccccc2F)n(-c2ccccc2)c2ccccc12)N1CCNCC1,6.283162276700475
2006-06-19,CPD_33,Indole,COc1ccccc1Oc1c(C(=O)N2CCNCC2)c2ccccc2n1-c1ccccc1,6.167491087293763
2006-06-20,CPD_34,Indole,CCc1ccccc1Oc1c(C(=O)N2CCNCC2)c2ccccc2n1-c1ccccc1,6.215382707367125
2006-06-20,CPD_35,Indole,O=C(c1c(Oc2ccccc2Cl)n(-c2ccccc2)c2ccccc12)N1CCNCC1,6.774690718274137
2006-06-21,CPD_36,Indole,O=C(c1ccccc1)c1c(C(=O)N2CCNCC2)c2ccccc2n1-c1ccccc1,4.760700520873107
2006-06-21,CPD_37,Indole,Cc1cccc(Cc2c(C(=O)N3CCNCC3)c3ccccc3n2-c2ccccc2)c1,5.823908740944319
2006-06-22,CPD_38,Indole,COc1cccc(Oc2c(C(=O)N3CCNCC3)c3ccccc3n2-c2ccccc2)c1,4.698970004336019
2006-06-22,CPD_39,Indole,N#Cc1cccc(Oc2c(C(=O)N3CCNCC3)c3ccccc3n2-c2ccccc2)c1,4.789146634685106
2006-06-27,CPD_40,Indole,O=C(c1c(Oc2cccc(C(F)(F)F)c2)n(-c2ccccc2)c2ccccc12)N1CCNCC1,5.045757490560675
2006-06-27,CPD_41,Indole,O=C(c1c(Oc2cccc(Cl)c2)n(-c2ccccc2)c2ccccc12)N1CCNCC1,5.896196279044043
2006-06-30,CPD_42,Indole,NC1CCN(C(=O)c2c(Oc3ccccc3)n(-c3ccccc3)c3ccccc23)CC1,4.521433504406156
2006-06-30,CPD_43,Indole,NC1CN(C(=O)c2c(Oc3ccccc3)n(-c3ccccc3)c3ccccc23)C1,4.593459819566044
2006-06-30,CPD_44,Indole,NC1CCN(C(=O)c2c(Oc3ccccc3)n(-c3ccccc3)c3ccccc23)C1,4.213248577854439
2006-06-30,CPD_45,Indole,N[C@H]1CCCN(C(=O)c2c(Oc3ccccc3)n(-c3ccccc3)c3ccccc23)C1,4.4089353929735005
2006-06-30,CPD_46,Indole,O=C(c1c(Oc2ccccc2)n(-c2ccccc2)c2ccccc12)N1[C@@H]2CC[C@H]1CNC2,4.368556230986828
2006-06-30,CPD_47,Indole,N[C@@H]1CCCN(C(=O)c2c(Oc3ccccc3)n(-c3ccccc3)c3ccccc23)C1,4.032452023781137
2006-06-30,CPD_48,Indole,O=C(c1c(Sc2ccccc2)n(-c2ccccc2)c2ccccc12)N1CCNCC1,6.329754146925875
2006-07-06,CPD_49,Indole,O=C(c1c(Cc2ccccc2Cl)n(-c2ccccc2)c2ccccc12)N1CCNCC1,6.723538195826755
2006-07-07,CPD_50,Indole,COc1cccc(Cn2c(Oc3ccccc3)c(C(=O)N3CCNCC3)c3ccccc32)c1,5.198596289982644
2006-07-12,CPD_51,Indole,O=C(c1c(-n2cccc2)n(-c2ccccc2)c2ccccc12)N1CCNCC1,5.627087997029893
2006-07-12,CPD_52,Indole,O=C(c1c(Cc2c(F)cccc2F)n(-c2ccccc2)c2ccccc12)N1CCNCC1,6.910094888560602
2006-07-31,CPD_53,Indole,O=C(c1c(Oc2ccccc2)n(-c2ccc(F)cc2)c2ccccc12)N1CCNCC1,6.1505805862031
2006-07-31,CPD_54,Indole,COCCCOc1cccc(-n2c(Oc3ccccc3)c(C(=O)N3CCNCC3)c3ccccc32)c1,6.117475462045118
2006-07-31,CPD_55,Indole,COCCCOc1cccc(-n2c(Oc3ccccc3C)c(C(=O)N3CCNCC3)c3ccccc32)c1,7.267606240177031
2006-08-04,CPD_56,Indole,Cc1ccccc1Oc1c(C(=O)N2CCNCC2)c2ccccc2n1-c1cccnc1,6.511449283499555
2006-08-04,CPD_57,Indole,COc1ccccc1-n1c(Oc2ccccc2C)c(C(=O)N2CCNCC2)c2ccccc21,7.207608310501745
2006-08-04,CPD_58,Indole,Cc1ccccc1Oc1c(C(=O)N2CCNCC2)c2ccccc2n1-c1ccc(F)cc1,7.376750709602099
2006-08-04,CPD_59,Indole,Cc1ccc(F)cc1Oc1c(C(=O)N2CCNCC2)c2ccccc2n1-c1ccccc1,8.301029995663981
2006-08-04,CPD_60,Indole,COc1ccccc1-n1c(Oc2ccccc2)c(C(=O)N2CCNCC2)c2ccccc21,5.899629454882436
2006-08-08,CPD_61,Indole,COCCCOc1ccccc1Cn1c(Oc2ccccc2)c(C(=O)N2CCNCC2)c2ccccc21,5.8124792791635365
2006-08-08,CPD_62,Indole,COCCCOc1ccccc1-n1c(Oc2ccccc2)c(C(=O)N2CCNCC2)c2ccccc21,6.756961951313706
2006-08-23,CPD_63,Indole,O=C(c1c(Oc2ccccc2)n(-c2ccccc2)c2ncccc12)N1CCNCC1,5.737548910269569
2006-08-23,CPD_64,Indole,Cc1ccccc1Oc1c(C(=O)N2CCNCC2)c2cccnc2n1-c1ccccc1,7.008773924307505
2006-08-23,CPD_65,Indole,COCCCOc1ccccc1-n1c(Oc2ccccc2F)c(C(=O)N2CCNCC2)c2ccccc21,6.892790030352131
2006-08-23,CPD_66,Indole,O=C(c1c(Oc2ccccc2F)n(-c2ccccc2)c2ncccc12)N1CCNCC1,5.2958494831602
2006-08-24,CPD_67,Indole,O=C(c1c(Sc2ccccc2F)n(-c2ccccc2)c2ccccc12)N1CCNCC1,6.350665141287858
2006-08-24,CPD_68,Indole,O=C(c1c(Sc2cccc(F)c2)n(-c2ccccc2)c2ccccc12)N1CCNCC1,6.628932137728262
2006-08-24,CPD_69,Indole,Cc1cccc(F)c1Oc1c(C(=O)N2CCNCC2)c2ccccc2n1-c1ccccc1,7.795880017344074
2006-08-24,CPD_70,Indole,Cc1c(F)cccc1Oc1c(C(=O)N2CCNCC2)c2ccccc2n1-c1ccccc1,7.958607314841775
2006-08-30,CPD_71,Indole,O=C(c1c(Oc2ccccc2)n(-c2ccccn2)c2ccccc12)N1CCNCC1,5.303643611266668
2006-08-30,CPD_72,Indole,Cc1ccccc1Oc1c(C(=O)N2CCNCC2)c2ccccc2n1-c1ccccn1,6.355561410532161
2006-08-30,CPD_73,Indole,O=C(c1c(Oc2ccccc2)n(-c2ccccc2)c2cc(Cl)ccc12)N1CCNCC1,6.2660007134616125
2006-08-30,CPD_74,Indole,Cc1ccccc1Oc1c(C(=O)N2CCNCC2)c2ccc(Cl)cc2n1-c1ccccc1,7.455931955649724
2006-09-05,CPD_75,Indole,Cc1ccc(F)cc1Cc1c(C(=O)N2CCNCC2)c2ccccc2n1-c1ccccc1,7.0655015487564325
2006-09-05,CPD_76,Indole,O=C(c1c(Sc2ccccc2Cl)n(-c2ccccc2)c2ccccc12)N1CCNCC1,6.913640169325251
2006-09-06,CPD_77,Indole,O=C(c1c(Cc2ccccc2)n(-c2ccccc2)c2ncccc12)N1CCNCC1,5.193141970481181
2006-09-07,CPD_78,Indole,O=C(c1c(OC2CCCCC2)n(-c2ccccc2)c2ccccc12)N1CCNCC1,4.94692155651658
2006-09-11,CPD_79,Indole,O=C(c1c(Oc2ccccc2)n(-c2ccccc2)c2ccccc12)N1CC2CNCC2C1,4.943095148663526
2006-09-13,CPD_80,Indole,S=C(c1c(Oc2ccccc2)n(-c2ccccc2)c2ccccc12)N1CCNCC1,4.924453038607469
2006-09-18,CPD_81,Indole,O=C(c1c(Cc2ccccc2)n(-c2ccccc2)c2cnccc12)N1CCNCC1,6.118615343229427
2006-09-21,CPD_82,Indole,Cc1ccccc1Sc1c(C(=O)N2CCNCC2)c2ccccc2n1-c1ccccc1,7.1487416512809245
2006-09-25,CPD_83,Indole,O=C(c1c(Oc2ccccc2)n(-c2ccccc2)c2cnccc12)N1CCNCC1,5.424812155072339
2006-09-27,CPD_84,Indole,Cc1ccccc1Oc1c(C(=O)N2CCNCC2)c2ccncc2n1-c1ccccc1,6.306273051076352
2006-09-27,CPD_85,Indole,O=C(c1c(Oc2ccccc2F)n(-c2ccccc2)c2cnccc12)N1CCNCC1,5.434152181326482
2006-09-28,CPD_86,Indole,O=C(c1c(Oc2cc(F)ccc2F)n(-c2ccccc2)c2ccccc12)N1CCNCC1,7.522878745280337
2006-09-29,CPD_87,Indole,O=C(c1c(Oc2cccc(F)c2F)n(-c2ccccc2)c2ccccc12)N1CCNCC1,7.200659450546417
2006-10-05,CPD_88,Indole,Cc1ccc(F)cc1Oc1c(C(=O)N2CCNCC2)c2cccnc2n1-c1ccccc1,6.402304814074487
2006-10-05,CPD_89,Indole,Cc1c(F)cccc1Oc1c(C(=O)N2CCNCC2)c2cccnc2n1-c1ccccc1,6.782516055786093
2006-10-05,CPD_90,Indole,COCCCOc1ccccc1-n1c(Oc2ccccc2C)c(C(=O)N2CCNCC2)c2ccccc21,7.619788758288393
2006-10-05,CPD_91,Indole,COc1ccc2c(C(=O)N3CCNCC3)c(Oc3cccc(F)c3C)n(-c3ccccc3)c2c1,7.769551078621725
2006-10-06,CPD_92,Indole,COc1ccc2c(C(=O)N3CCNCC3)c(Oc3ccccc3C)n(-c3ccccc3)c2c1,7.508638306165727
2006-10-16,CPD_93,Indole,Cc1ccccc1Oc1c(C(=O)N2CCNCC2)c2ccccc2n1-c1ccccc1,7.0655015487564325
2006-10-16,CPD_94,Indole,Cc1c(F)cccc1Cc1c(C(=O)N2CCNCC2)c2cccnc2n1-c1ccccc1,7.0655015487564325
2006-10-16,CPD_95,Indole,O=C(c1c(Oc2cc(F)ccc2C(F)(F)F)n(-c2ccccc2)c2ncccc12)N1CCNCC1,4.0
2006-10-24,CPD_96,Indole,COCCCOc1ccccc1-n1c(Oc2cc(F)ccc2C)c(C(=O)N2CCNCC2)c2ccccc21,7.795880017344074
2006-11-01,CPD_97,Indole,Cc1c(F)cccc1Oc1c(C(=O)N2CCNCC2)c2cnccc2n1-c1ccccc1,6.742321425130815
2006-11-01,CPD_98,Indole,O=C(c1c(Cc2c(F)cccc2Cl)n(-c2ccccc2)c2ccncc12)N1CCNCC1,6.987162775294827
2006-11-01,CPD_99,Indole,Cc1ccccc1Oc1c(C(=O)N2CCNCC2)c2cnccc2n1-c1ccccc1,6.072116589669293
2006-11-02,CPD_100,Indole,Cc1c(F)cccc1Cc1c(C(=O)N2CCNCC2)c2ccccc2n1-c1ccccc1,7.744727494896693
2006-11-06,CPD_101,Indole,Cc1ccc(F)cc1Oc1ncc2c(C(=O)N3CCNCC3)c(Oc3cc(F)ccc3C)n(-c3ccccc3)c2n1,5.913640169325252
2006-11-08,CPD_102,Indole,Cc1c(F)cccc1Oc1c(C(=O)N2CCNCC2)c2ncccc2n1-c1ccccc1,7.244125144327508
2006-11-08,CPD_103,Indole,Cc1ccccc1Oc1c(C(=O)N2CCNCC2)c2ncccc2n1-c1ccccc1,6.603800652904263
2006-11-09,CPD_104,Indole,O=C(c1c(Cc2c(F)cccc2Cl)n(-c2ccccc2)c2ccccc12)N1CCNCC1,7.455931955649724
2006-11-09,CPD_105,Indole,Cc1c(F)cc(F)cc1Oc1c(C(=O)N2CCNCC2)c2ncccc2n1-c1ccccc1,6.970616222314789
2006-11-09,CPD_106,Indole,Cc1c(F)cccc1Cc1c(C(=O)N2CCNCC2)c2cccc(F)c2n1-c1ccccc1,7.075720713938117
2006-11-09,CPD_107,Indole,Cc1ccc(F)cc1Oc1c(C(=O)N2CCNCC2)c2cccc(F)c2n1-c1ccccc1,6.779891911959944
2006-11-09,CPD_108,Indole,Cc1c(F)cccc1Oc1c(C(=O)N2CCNCC2)c2cccc(F)c2n1-c1ccccc1,6.657577319177793
2006-11-09,CPD_109,Indole,COc1ccc2c(C(=O)N3CCNCC3)c(Cc3cccc(F)c3C)n(-c3ccccc3)c2c1,7.920818753952375
2006-11-09,CPD_110,Indole,COc1ccc2c(c1)c(C(=O)N1CCNCC1)c(Oc1cccc(F)c1C)n2-c1ccccc1,5.619788758288393
2006-11-09,CPD_111,Indole,COc1ccc2c(c1)c(C(=O)N1CCNCC1)c(Oc1cc(F)ccc1C)n2-c1ccccc1,5.8696662315049934
2006-11-09,CPD_112,Indole,COc1ccc2c(c1)c(C(=O)N1CCNCC1)c(Cc1cccc(F)c1C)n2-c1ccccc1,6.27490547891853
2006-11-17,CPD_113,Indole,Cc1c(F)cccc1Oc1c(C(=O)N2CCNCC2)c2ccccc2n1-c1ccsc1,7.267606240177031
2006-11-17,CPD_114,Indole,Cc1ccc(F)cc1Oc1c(C(=O)N2CCNCC2)c2ccccc2n1-c1ccsc1,7.356547323513812
2006-11-17,CPD_115,Indole,Cc1c(F)cc(F)cc1Oc1c(C(=O)N2CCNCC2)c2ccccc2n1-c1ccccc1,6.910094888560602
2006-11-21,CPD_116,Indole,O=C(c1c(Cc2ccccc2)n(-c2ccccc2)c2ccncc12)N1CCNCC1,5.468521082957744
2006-11-21,CPD_117,Indole,O=C(c1c(Cc2ccccc2)n(-c2ccccc2)c2cccnc12)N1CCNCC1,6.027334407733888
2006-11-21,CPD_118,Indole,Cc1c(F)cc(F)cc1Oc1c(C(=O)N2CCNCC2)c2cnccc2n1-c1ccccc1,6.185086818724925
2006-11-21,CPD_119,Indole,Cc1c(F)cc(F)cc1Oc1c(C(=O)N2CCNCC2)c2cccnc2n1-c1ccccc1,6.297569463554474
2006-11-22,CPD_120,Indole,Cc1ccccc1Cc1c(C(=O)N2CCNCC2)c2cnccc2n1-c1ccccc1,6.2839966563652006
2006-11-22,CPD_121,Indole,Cc1ccccc1Cc1c(C(=O)N2CCNCC2)c2ncccc2n1-c1ccccc1,6.939302159646387
2006-11-23,CPD_122,Indole,Cc1c(F)cccc1Cc1c(C(=O)N2CCNCC2)c2ncccc2n1-c1ccccc1,7.920818753952375
2006-11-27,CPD_123,Indole,Cc1c(F)cccc1Cc1c(C(=O)N2CCNCC2)c2cc(O)ccc2n1-c1ccccc1,8.397940008672036
2006-11-28,CPD_124,Indole,O=C(c1c(Cc2cc(F)ccc2Cl)n(-c2ccccc2)c2ccccc12)N1CCNCC1,6.09908693226233
2006-11-28,CPD_125,Indole,COc1ccc(-n2c(Oc3cc(F)ccc3C)c(C(=O)N3CCNCC3)c3ccccc32)cn1,6.3223930472795065
2006-11-28,CPD_126,Indole,COc1ccc(-n2c(Oc3cccc(F)c3C)c(C(=O)N3CCNCC3)c3ccccc32)cn1,5.72124639904717
2006-11-28,CPD_127,Indole,Cc1ccccc1Cc1c(C(=O)N2CCNCC2)c2ccccc2n1-c1ccsc1,6.638272163982406
2006-12-05,CPD_128,Indole,Cc1ccccc1Oc1c(C(=O)N2CCNCC2)c2ccc(O)cc2n1-c1ccccc1,7.67778070526608
2006-12-06,CPD_129,Indole,COc1ccc(-n2c(Cc3cccc(F)c3C)c(C(=O)N3CCNCC3)c3ccccc32)cn1,6.514278573518419
2006-12-19,CPD_130,Indole,COCCOc1ccccc1-n1c(Cc2ccccc2C)c(C(=O)N2CCNCC2)c2ccccc21,6.557520230935551
2006-12-19,CPD_131,Indole,COCCOc1ccccc1-n1c(Cc2cccc(F)c2C)c(C(=O)N2CCNCC2)c2ccccc21,6.978810700930062
2006-12-20,CPD_132,Indole,COc1ccc2c(C(=O)N3CCNCC3)c(Cc3cccc(F)c3C)n(-c3ccc(F)cc3)c2c1,7.522878745280337
2006-12-20,CPD_133,Indole,COc1ccc2c(C(=O)N3CCNCC3)c(Oc3cc(F)ccc3C)n(-c3ccc(F)cc3)c2c1,6.8794260687941495
2006-12-20,CPD_134,Indole,COc1ccc2c(C(=O)N3CCNCC3)c(Oc3cccc(F)c3C)n(-c3ccc(F)cc3)c2c1,6.774690718274137
2006-12-21,CPD_135,Indole,Cc1cccc(F)c1Oc1c(C(=O)N2CCNCC2)c2cccnc2n1-c1ccccc1,6.636388020107855
2006-12-21,CPD_136,Indole,Cc1cccc(F)c1Oc1c(C(=O)N2CCNCC2)c2ncccc2n1-c1ccccc1,7.130768280269023
2007-01-02,CPD_137,Indole,Cc1c(F)cccc1Cc1c(C(=O)N2CCNCC2)c2ccccc2n1-c1ccc(O)nc1,5.029188389127482
2007-01-09,CPD_138,Indole,Cc1ccc(F)cc1Oc1c(C(=O)N2CCNCC2)c2ccncc2n1-c1ccc(F)cc1,6.649751981665837
2007-01-09,CPD_139,Indole,Cc1c(F)cccc1Oc1c(C(=O)N2CCNCC2)c2ccncc2n1-c1ccc(F)cc1,6.401209493236885
2007-01-09,CPD_140,Indole,Cc1cccc(F)c1Oc1c(C(=O)N2CCNCC2)c2ccncc2n1-c1ccc(F)cc1,6.145086977692143
2007-01-10,CPD_141,Indole,Cc1ccc(F)cc1Oc1c(C(=O)N2CCNCC2)c2cnccc2n1-c1ccc(F)cc1,6.289882634888183
2007-01-19,CPD_142,Indole,Cc1ccc(F)cc1Oc1c(C(=O)N2CCNCC2)c2cnccc2n1-c1ccccc1,7.091514981121351
2007-01-22,CPD_143,Indole,Cc1c(F)cccc1Cc1c(C(=O)N2CCNCC2)c2ccc(O)cc2n1-c1ccc(F)cc1,8.096910013008056
2007-01-22,CPD_144,Indole,Cc1ccc(F)cc1Oc1c(C(=O)N2CCNCC2)c2ccc(O)cc2n1-c1ccc(F)cc1,7.744727494896693
2007-01-23,CPD_145,Indole,Cc1ccc(F)cc1Oc1c(C(=O)N2CCNCC2)c2ncccc2n1-c1ccc(F)cc1,7.657577319177792
2007-01-29,CPD_146,Indole,COCCOc1ccc2c(C(=O)N3CCNCC3)c(Oc3ccccc3C)n(-c3ccccc3)c2c1,7.214670164989232
2007-02-15,CPD_147,Indole,CNCCN(C)C(=O)c1c(Oc2ccccc2)n(-c2ccccc2)c2ccccc12,4.3655227298392685
2007-02-15,CPD_148,Indole,COc1cc(-n2c(Oc3cc(F)ccc3C)c(C(=O)N3CCNCC3)c3ccccc32)ccn1,6.627087997029893
2007-02-19,CPD_149,Indole,COc1ccc2c(n1)c(C(=O)N1CCNCC1)c(Oc1cc(F)ccc1C)n2-c1ccccc1,5.178486471595226
2007-02-19,CPD_150,Indole,Cc1ccc(F)cc1Oc1c(C(=O)N2CCNCC2)c2nc(O)ccc2n1-c1ccccc1,5.301029995663981
2007-02-19,CPD_151,Indole,Cc1c(F)cccc1Cc1c(C(=O)N2CCNCC2)c2ccc(O)cc2n1-c1ccccc1,8.397940008672036
2007-02-19,CPD_152,Indole,COc1ccc2c(n1)c(C(=O)N1CCNCC1)c(Cc1cccc(F)c1C)n2-c1ccccc1,6.226213555018807
2007-02-19,CPD_153,Indole,Cc1ccc(F)cc1Oc1c(C(=O)N2CCNCC2)c2cc(O)ccc2n1-c1ccccc1,8.698970004336019
2007-02-19,CPD_154,Indole,Cc1ccc(F)cc1Oc1c(C(=O)N2CCNCC2)c2ccncc2n1-c1ccccc1,7.619788758288393
2007-03-06,CPD_155,Indole,Cc1ccc(F)cc1Oc1c(C(=O)N2CCNCC2)c2cc(O)cnc2n1-c1ccccc1,8.221848749616356
2007-03-06,CPD_156,Indole,Cc1c(F)cccc1Cc1c(C(=O)N2CCNCC2)c2nc(O)ccc2n1-c1ccccc1,5.795880017344075
2007-03-06,CPD_157,Indole,COc1cnc2c(c1)c(C(=O)N1CCNCC1)c(Oc1cc(F)ccc1C)n2-c1ccccc1,4.88941028970075
2007-03-09,CPD_158,Indole,COc1ccc2c(C(=O)N3CCNCC3)c(Oc3cc(F)ccc3C)n(-c3ccccc3)c2c1,8.096910013008056
2007-03-28,CPD_159,Indole,Cc1ccc(F)cc1Oc1c(C(=O)N2CCNCC2)c2ncccc2n1-c1ccccc1,8.154901959985743
2007-04-04,CPD_160,Indole,Cc1ccc(F)cc1Oc1c(C(=O)N2CCNCC2)c2cc(Br)ccc2n1-c1ccccc1,6.593459819566044
2007-04-05,CPD_161,Indole,Cc1ccc(F)cc1Oc1c(C(=O)N2CCNCC2)c2ccccc2n1-c1ccnc(O)c1,5.309803919971486
2007-04-05,CPD_162,Indole,COc1cc2c(C(=O)N3CCNCC3)c(Oc3cc(F)ccc3C)n(-c3ccccc3)c2cc1OC,6.581698708680253
2007-04-11,CPD_163,Indole,COc1cnc2c(c1)c(C(=O)N1CCNCC1)c(Cc1cccc(F)c1C)n2-c1ccccc1,5.330683119433887
2007-04-11,CPD_164,Indole,Cc1c(F)cccc1Cc1c(C(=O)N2CCNCC2)c2cc(O)cnc2n1-c1ccccc1,8.221848749616356
2007-04-13,CPD_165,Indole,Cc1c(F)cccc1Cc1c(C(=O)N2CCNCC2)c2ccncc2n1-c1ccccc1,7.67778070526608
2007-04-20,CPD_166,Indole,COc1cc2c(C(=O)N3CCNCC3)c(Cc3cccc(F)c3C)n(-c3ccccc3)c2cn1,6.070070439915411
2007-04-20,CPD_167,Indole,Cc1ccc(F)cc1Oc1c(C(=O)N2CCNCC2)c2cc(O)ncc2n1-c1ccccc1,5.0
2007-04-20,CPD_168,Indole,Cc1c(F)cccc1Cc1c(C(=O)N2CCNCC2)c2c(C)c(O)ccc2n1-c1ccccc1,8.698970004336019
2007-04-20,CPD_169,Indole,Cc1c(F)cccc1Cc1c(C(=O)N2CCNCC2)c2cnccc2n1-c1ccccc1,8.096910013008056
2007-04-20,CPD_170,Indole,COc1cc2c(C(=O)N3CCNCC3)c(Oc3cc(F)ccc3C)n(-c3ccccc3)c2cn1,5.221848749616356
2007-04-20,CPD_171,Indole,COc1ccc2c(c1C)c(C(=O)N1CCNCC1)c(Cc1cccc(F)c1C)n2-c1ccccc1,6.696803942579511
2007-04-24,CPD_172,Indole,Cc1c(F)cccc1Cc1c(C(=O)N2CCNCC2)c2ccc(OCCOc3ccccc3)cc2n1-c1ccccc1,7.619788758288393
2007-04-26,CPD_173,Indole,Cc1ccc(F)cc1Oc1c(C(=O)N2CCNCC2)c2ccc(Br)cc2n1-c1ccccc1,7.167491087293763
2007-05-10,CPD_174,Indole,O=C(c1c(Oc2cc(F)ccc2Cl)n(-c2ccccc2)c2cccnc12)N1CCNCC1,7.259637310505756
2007-05-10,CPD_175,Indole,O=C(c1c(Oc2cccc(F)c2F)n(-c2ccccc2)c2cccnc12)N1CCNCC1,6.508638306165727
2007-05-10,CPD_176,Indole,O=C(c1c(Oc2cc(F)ccc2F)n(-c2ccccc2)c2cccnc12)N1CCNCC1,6.694648630553376
2007-05-10,CPD_177,Indole,O=C(c1c(Oc2ccccc2F)n(-c2ccccc2)c2cccnc12)N1CCNCC1,6.289882634888183
2007-05-21,CPD_178,Indolizine,O=C(c1c(Cc2ccccc2)c(-c2ccccc2)n2ccccc12)N1CCNCC1,6.688246138944246
2007-05-24,CPD_179,Indole,O=C(c1c(Oc2ccccc2)n(-c2ccccc2)c2ccccc12)N1CCS(=O)(=O)CC1,5.0
2007-05-24,CPD_180,Indole,COc1cc2c(cn1)c(C(=O)N1CCNCC1)c(Oc1cc(F)ccc1C)n2-c1ccccc1,7.136677139879544
2007-05-29,CPD_181,Indole,O=C(Nc1ccncc1)c1c(Oc2ccccc2)n(-c2ccccc2)c2ccccc12,5.0
2007-06-01,CPD_182,Indole,CC1(C)CNCCN1C(=O)c1c(Oc2ccccc2)n(-c2ccccc2)c2ccccc12,4.681936665037238
2007-06-04,CPD_183,Indole,CCCCC1CN(C(=O)c2c(Oc3ccccc3)n(-c3ccccc3)c3ccccc23)CCN1,5.161780778092374
2007-06-04,CPD_184,Indole,CCC[C@@H]1CN(C(=O)c2c(Oc3ccccc3)n(-c3ccccc3)c3ccccc23)CCN1,4.903089986991943
2007-06-04,CPD_185,Indole,CCC[C@H]1CN(C(=O)c2c(Oc3ccccc3)n(-c3ccccc3)c3ccccc23)CCN1,4.910094888560602
2007-06-05,CPD_186,Indole,NC1(CO)CCN(C(=O)c2c(Oc3ccccc3)n(-c3ccccc3)c3ccccc23)CC1,4.108462542327435
2007-06-05,CPD_187,Indole,NC1(C(=O)O)CCN(C(=O)c2c(Oc3ccccc3)n(-c3ccccc3)c3ccccc23)CC1,4.30102999566398
2007-06-05,CPD_188,Indole,COC(=O)C1CN(C(=O)c2c(Oc3ccccc3)n(-c3ccccc3)c3ccccc23)CCN1,4.341035157335564
2007-06-05,CPD_189,Indole,O=C(c1c(Oc2ccccc2)n(-c2ccccc2)c2ccccc12)N1CCNC(CO)C1,5.795880017344075
2007-06-05,CPD_190,Indole,COC(=O)C1(N)CCN(C(=O)c2c(Oc3ccccc3)n(-c3ccccc3)c3ccccc23)CC1,4.30102999566398
2007-06-05,CPD_191,Indole,O=C(O)C1CN(C(=O)c2c(Oc3ccccc3)n(-c3ccccc3)c3ccccc23)CCN1,4.844663962534939
2007-06-06,CPD_192,Indole,Cc1ccc(F)cc1Oc1c(C(=O)N2CCNCC2)c2ccccc2n1C1CCCCC1,8.522878745280337
2007-06-06,CPD_193,Indole,COc1cc2c(cn1)c(C(=O)N1CCNCC1)c(Cc1cccc(F)c1C)n2-c1ccccc1,8.221848749616356
2007-06-06,CPD_194,Indole,Cc1ccc(F)cc1Oc1c(C(=O)N2CCNCC2)c2cnc(O)cc2n1-c1ccccc1,7.638272163982406
2007-06-06,CPD_195,Indole,Cc1ccc(F)cc1Oc1c(C(=O)N2CCNCC2)c2ccccc2n1C1C=CCCC1,8.154901959985743
2007-06-12,CPD_196,Indole,O=C(c1c(Oc2ccccc2)n(-c2ccccc2)c2ccccc12)N1CCC(O)CC1,4.0
2007-06-13,CPD_197,Indole,O=C(c1c(Cc2cccc(F)c2F)n(-c2ccccc2)c2cccnc12)N1CCNCC1,5.835647144215562
2007-06-13,CPD_198,Indole,Cc1c(F)cccc1Cc1c(C(=O)N2CCNCC2)c2ccc(OCCO)cc2n1-c1ccccc1,7.508638306165727
2007-06-14,CPD_199,Indole,O=C(c1c(Cc2c(Cl)cccc2Cl)n(-c2ccccc2)c2cccnc12)N1CCNCC1,7.853871964321761
2007-06-14,CPD_200,Indole,O=C(c1c(CCc2ccccc2)n(-c2ccccc2)c2cccnc12)N1CCNCC1,5.501689446210399
2007-06-14,CPD_201,Indole,Cc1c(F)cccc1Cc1c(C(=O)N2CCNCC2)c2cnc(O)cc2n1-c1ccccc1,7.05551732784983
2007-06-14,CPD_202,Indole,O=C(c1c(Cc2cc(F)ccc2F)n(-c2ccccc2)c2cccnc12)N1CCNCC1,7.823908740944318
2007-06-25,CPD_203,Indole,Cc1ccc(F)cc1Oc1c(C(=O)N2CCNCC2)c2ccnc(Cl)c2n1-c1ccccc1,6.497572880015566
2007-06-25,CPD_204,Indole,Cc1cccc(C)c1Oc1c(C(=O)N2CCNCC2)c2ccnc(Cl)c2n1-c1ccccc1,6.286509456906057
2007-06-25,CPD_205,Indole,Cc1c(F)cccc1Cc1c(C(=O)N2CCNCC2)c2ccccc2n1C1CCCCC1,7.468521082957744
2007-06-26,CPD_206,Indole,CC(c1ccccc1)c1c(C(=O)N2CCNCC2)c2ncccc2n1-c1ccccc1,5.991399828238082
2007-06-26,CPD_207,Indole,Cc1ccc(F)cc1Oc1c(C(=O)N2CCNCC2)c2ccc(C#N)cc2n1-c1ccccc1,7.30102999566398
2007-06-26,CPD_208,Indole,Cc1ccc(F)cc1Oc1c(C(=O)N2CCNCC2)c2cc(C#N)ccc2n1-c1ccccc1,6.514278573518419
2007-06-26,CPD_209,Indole,O=C(c1c(CC2CCCCC2)n(-c2ccccc2)c2cccnc12)N1CCNCC1,5.0
2007-06-28,CPD_210,Indole,N[C@@H]1CN(C(=O)c2c(Oc3ccccc3)n(-c3ccccc3)c3ccccc23)C[C@H]1O,5.0
2007-07-02,CPD_211,Indole,CCc1nccc2c(C(=O)N3CCNCC3)c(Oc3cc(F)ccc3C)n(-c3ccccc3)c12,6.373659632624957
2007-07-03,CPD_212,Indole,COc1ccc2c(C(=O)N3CCNCC3)c(Oc3cc(F)ccc3C)n(-c3ccccc3)c2n1,7.823908740944318
2007-07-04,CPD_213,Indole,Cc1ccc(-n2c(Oc3cc(F)ccc3C)c(C(=O)N3CCNCC3)c3ccccc32)cc1,6.769551078621726
2007-07-09,CPD_214,Indole,COC(=O)c1ccc2c(C(=O)N3CCNCC3)c(Oc3cc(F)ccc3C)n(-c3ccccc3)c2c1,8.096910013008056
2007-07-10,CPD_215,Indole,Cc1ccc(C)c(Oc2c(C(=O)N3CCNCC3)c3ncccc3n2-c2ccccc2)c1,6.159893905543242
2007-07-10,CPD_216,Indole,O=C(c1c(Cc2c(F)cccc2Cl)n(-c2ccccc2)c2ccc(O)cc12)N1CCNCC1,8.221848749616356
2007-07-10,CPD_217,Indole,Cc1cc(F)cc(C)c1Cc1c(C(=O)N2CCNCC2)c2ncccc2n1-c1ccccc1,6.609064892896621
2007-07-10,CPD_218,Indole,Cc1cccc(F)c1Cc1c(C(=O)N2CCNCC2)c2ncccc2n1-c1ccccc1,7.657577319177792
2007-07-10,CPD_219,Indolizine,Cc1c(F)cccc1Cc1c(-c2ccccc2)c2ccccn2c1C(=O)N1CCNCC1,8.154901959985743
2007-07-10,CPD_220,Indole,Cc1cccc(C)c1Cc1c(C(=O)N2CCNCC2)c2ncccc2n1-c1ccccc1,7.823908740944318
2007-07-10,CPD_221,Indole,Cc1c(F)cccc1Cc1nccc2c(C(=O)N3CCNCC3)c(Cc3cccc(F)c3C)n(-c3ccccc3)c12,8.301029995663981
2007-07-12,CPD_222,Indole,Cc1cccc(F)c1Cc1c(C(=O)N2CCNCC2)c2cc(O)ccc2n1-c1ccccc1,8.096910013008056
2007-07-12,CPD_223,Indole,O=C(c1c(Cc2c(F)cccc2Cl)n(-c2ccccc2)c2cccnc12)N1CCNCC1,8.221848749616356
2007-07-17,CPD_224,Indole,Cc1ccc(F)cc1Oc1c(C(=O)N2CCNCC2)c2ccc(S(C)(=O)=O)cc2n1-c1ccccc1,6.853871964321761
2007-07-18,CPD_225,Indole,Cc1c(F)cccc1Cc1c(C(=O)N2CCNCC2)c2ccnc(Cl)c2n1-c1ccccc1,5.0
2007-07-27,CPD_226,Indole,CCCc1ccnc2c1c(C(=O)N1CCNCC1)c(Cc1cccc(F)c1C)n2-c1ccccc1,6.661543506395394
2007-07-27,CPD_227,Indole,CCc1ccnc2c1c(C(=O)N1CCNCC1)c(Cc1cccc(F)c1C)n2-c1ccccc1,7.050609993355087
2007-07-27,CPD_228,Indole,CCc1ccnc2c1c(C(=O)N1CCNCC1)c(Oc1cc(F)ccc1C)n2-c1ccccc1,5.910094888560601
2007-07-27,CPD_229,Indole,COc1ccc2c(C(=O)N3CCNCC3)c(Oc3c(C)cccc3C)n(-c3ccccc3)c2n1,8.522878745280337
2007-07-30,CPD_230,Indole,CCCc1ccnc2c1c(C(=O)N1CCNCC1)c(Oc1c(C)cccc1C)n2-c1ccccc1,6.730487055782083
2007-07-30,CPD_231,Indole,CCCc1ccnc2c1c(C(=O)N1CCNCC1)c(Oc1cc(F)ccc1C)n2-c1ccccc1,5.732828271596985
2007-07-31,CPD_232,Indole,Cc1cnc2c(C(=O)N3CCNCC3)c(Oc3cc(F)ccc3C)n(-c3ccccc3)c2c1,7.853871964321761
2007-08-03,CPD_233,Indole,Cc1ccc(F)cc1Oc1c(C(=O)N2CCNCC2)c2ccc(OCC(=O)O)cc2n1-c1ccccc1,6.8794260687941495
2007-08-07,CPD_234,Indole,CC1(C)CN(C(=O)c2c(Oc3ccccc3)n(-c3ccccc3)c3ccccc23)CCN1,5.134896025358872
2007-08-08,CPD_235,Indole,Cc1c(F)cccc1Cc1cc2c(cc1O)c(C(=O)N1CCNCC1)c(Cc1cccc(F)c1C)n2-c1ccccc1,6.368556230986828
2007-08-09,CPD_236,Indole,Cc1cnc2c(C(=O)N3CCNCC3)c(Cc3cccc(F)c3C)n(-c3ccccc3)c2c1,8.045757490560675
2007-08-09,CPD_237,Indole,Cc1c(F)cccc1Cc1c(C(=O)N2CCNCC2)c2ccc(S(C)(=O)=O)cc2n1-c1ccccc1,7.356547323513812
2007-08-09,CPD_238,Indole,Cc1ccc(F)cc1Oc1c(C(=O)N2CCNCC2)c2cc(C(N)=O)ccc2n1-c1ccccc1,8.221848749616356
2007-08-10,CPD_239,Indole,Cc1cccc(Cl)c1Oc1c(C(=O)N2CCNCC2)c2ncccc2n1-c1ccccc1,8.045757490560675
2007-08-13,CPD_240,Indole,Cc1ccc(F)cc1Oc1c(C(=O)N2CCNCC2)c2cc(O)c(Cl)cc2n1-c1ccccc1,8.698970004336019
2007-08-14,CPD_241,Indole,Cc1ccc(F)cc1Oc1c(C(=O)N2CCNCC2)c2ccc(C(N)=O)cc2n1-c1ccccc1,8.221848749616356
2007-08-14,CPD_242,Indole,Cc1cccc(Cl)c1Cc1c(C(=O)N2CCNCC2)c2ncccc2n1-c1ccccc1,5.0
2007-08-15,CPD_243,Indole,Cc1ccc(F)cc1Oc1c(C(=O)N2CCNCC2)c2ccnc(Cc3ccccc3)c2n1-c1ccccc1,8.522878745280337
2007-08-23,CPD_244,Indole,Cc1cccc(C)c1Oc1c(C(=O)N2CCNCC2)c2ncccc2n1-c1ccccc1,7.886056647693162
2007-08-24,CPD_245,Indole,Cc1cccc(C)c1Oc1c(C(=O)N2CCNCC2)c2ncccc2n1-c1ccc(F)cc1,7.619788758288393
2007-08-27,CPD_246,Indole,Cc1cccc(Cl)c1Cc1c(C(=O)N2CCNCC2)c2cc(O)ccc2n1-c1ccccc1,6.866461091629782
2007-08-28,CPD_247,Indole,Cc1cccc(C)c1Oc1c(C(=O)N2CCNCC2)c2ncccc2n1C1CCCCC1,8.397940008672036
2007-09-03,CPD_248,Indole,Cc1cccc(C)c1Oc1c(C(=O)N2CCN[C@@H](CO)C2)c2ncccc2n1-c1ccccc1,6.844663962534938
2007-09-03,CPD_249,Indole,COC[C@H]1CN(C(=O)c2c(Oc3c(C)cccc3C)n(-c3ccccc3)c3cccnc23)CCN1,6.537602002101044
2007-09-03,CPD_250,Indole,Cc1cccc(C)c1Oc1c(C(=O)N2CCNCC2)c2cc(O)c(Cl)cc2n1-c1ccccc1,7.531652669587842
2007-09-07,CPD_251,Indole,Cc1ccc(F)cc1Oc1c(C(=O)N2CCNCC2)c2ccc(C(=O)O)cc2n1-c1ccccc1,6.913640169325251
2007-09-17,CPD_252,Indole,Cc1cccc(C)c1Oc1c(C(=O)N2CCN[C@@H](C)C2)c2ncccc2n1-c1ccccc1,7.096910013008055
2007-09-17,CPD_253,Indole,Cc1cccc(C)c1Oc1c(C(=O)N2CCNCC2)c2ccncc2n1-c1ccccc1,6.950781977329818
2007-09-17,CPD_254,Indole,COc1cc2c(cn1)c(C(=O)N1CCNCC1)c(Cc1cccc(F)c1C)n2C1CCCCC1,6.823908740944318
2007-09-17,CPD_255,Indole,COc1cc2c(cn1)c(C(=O)N1CCNCC1)c(Oc1c(C)cccc1C)n2C1CCCCC1,7.0043648054024485
2007-09-17,CPD_256,Indole,Cc1c(F)cccc1Cc1ncc2c(C(=O)N3CCNCC3)c(Cc3cccc(F)c3C)n(-c3ccccc3)c2n1,6.215382707367125
2007-09-18,CPD_257,Indole,Cc1ccc(F)cc1Oc1c(C(=O)N2CCNCC2)c2ccccc2n1C1CCCC1,7.886056647693162
2007-09-21,CPD_258,Indole,Cc1cccc(C)c1Oc1c(C(=O)N2CCNCC2)c2ccccc2n1C1CCCC1,7.236572006437062
2007-09-25,CPD_259,Indole,Cc1c(F)cccc1Cc1c(C(=O)N2CCNCC2)c2ccccc2n1C1CCCC1,7.698970004336018
2007-09-25,CPD_260,Indole,Cc1cccc(C)c1Oc1c(C(=O)N2CCNCC2)c2ncccc2n1-c1cccc(F)c1,8.096910013008056
2007-09-26,CPD_261,Indole,Cc1cccc(C)c1Oc1c(C(=O)N2CCNCC2)c2ncccc2n1-c1ccccc1F,7.823908740944318
2007-09-27,CPD_262,Indolizine,Cc1ccc(F)cc1Cc1c(-c2ccccc2)c2ccccn2c1C(=O)N1CCNCC1,6.627087997029893
2007-10-01,CPD_263,Indole,Cc1c(F)cccc1Cc1c(C(=O)N2CCNCC2)c2ncccc2n1-c1cccc(F)c1,8.221848749616356
2007-10-01,CPD_264,Indole,Cc1c(F)cccc1Cc1c(C(=O)N2CCNCC2)c2ncccc2n1-c1ccccc1F,8.999999999999998
2007-10-08,CPD_265,Indole,Cc1c(F)cccc1Cc1c(C(=O)N2CCNCC2)c2nccnc2n1-c1ccccc1,6.903089986991943
2007-10-18,CPD_266,Indole,O=C(c1c(Oc2ccccc2)n(-c2ccccc2)c2ccccc12)N1CCNCC1Cc1ccccc1,5.5338741295818
2007-10-18,CPD_267,Indole,Cc1cccc(C)c1Oc1c(C(=O)N2CCNCC2)c2ncccc2n1C1CCCC1,7.853871964321761
2007-10-19,CPD_268,Indole,Cc1c(F)cccc1Cc1c(C(=O)N2CCNCC2)c2ccccc2n1C1CCOCC1,6.123782159408357
2007-10-22,CPD_269,Indolizine,O=C(c1c(Cc2cc(F)ccc2F)c(-c2ccccc2)c2ccccn12)N1CCNCC1,8.045757490560675
2007-10-23,CPD_270,Indole,Cc1ccc(F)c(C)c1Oc1c(C(=O)N2CCNCC2)c2ncccc2n1-c1ccccc1,8.999999999999998
2007-10-23,CPD_271,Indole,Cc1ccc(F)c(C)c1Oc1c(C(=O)N2CCNCC2)c2ccncc2n1-c1ccccc1,8.698970004336019
2007-10-23,CPD_272,Indole,Cc1cccc(C)c1Oc1c(C(=O)N2CCN[C@@H](C)C2)c2ncccc2n1C1CCCCC1,7.214670164989232
2007-10-23,CPD_273,Indole,COc1cc2c(cn1)c(C(=O)N1CCN[C@@H](C)C1)c(Cc1cccc(F)c1C)n2C1CCCCC1,6.500312917381596
2007-10-23,CPD_274,Indole,Cc1ccc(F)c(C)c1Oc1c(C(=O)N2CCN[C@@H](C)C2)c2ncccc2n1C1CCCCC1,8.045757490560675
2007-10-23,CPD_275,Indole,COC[C@H]1CN(C(=O)c2c(Cc3cccc(F)c3C)n(C3CCCCC3)c3cc(OC)ncc23)CCN1,5.388276691992658
2007-10-23,CPD_276,Indole,COC[C@H]1CN(C(=O)c2c(Oc3c(C)ccc(F)c3C)n(C3CCCCC3)c3cccnc23)CCN1,6.575118363368932
2007-10-24,CPD_277,Indolizine,Cc1c(F)cccc1Cc1c(-c2cccc(F)c2)c2ccccn2c1C(=O)N1CCNCC1,8.522878745280337
2007-10-24,CPD_278,Indole,Cc1ccc(F)c(C)c1Oc1c(C(=O)N2CCNCC2)c2ncccc2n1C1CCCCC1,8.301029995663981
2007-10-24,CPD_279,Indole,COc1cc2c(cn1)c(C(=O)N1CCN[C@@H](CO)C1)c(Cc1cccc(F)c1C)n2C1CCCCC1,5.486782399932061
2007-11-01,CPD_280,Indole,Cc1cccc(C)c1Oc1c(C(=O)N2CCN[C@@H](C(C)C)C2)c2ncccc2n1-c1ccccc1,5.567030709125594
2007-11-01,CPD_281,Indole,CCC[C@H]1CN(C(=O)c2c(Oc3c(C)cccc3C)n(-c3ccccc3)c3cccnc23)CCN1,5.928117992693874
2007-11-01,CPD_282,Indole,Cc1cccc(C)c1Oc1c(C(=O)N2CCN[C@@H](CC(C)C)C2)c2ncccc2n1-c1ccccc1,5.153662887870194
2007-11-01,CPD_283,Indole,Cc1cccc(C)c1Oc1c(C(=O)N2CC3CNCC3C2)c2ncccc2n1-c1ccccc1,5.108462542327435
2007-11-01,CPD_284,Indole,CC[C@H]1CN(C(=O)c2c(Oc3c(C)cccc3C)n(-c3ccccc3)c3cccnc23)CCN1,6.341988603342887
2007-11-05,CPD_285,Indole,O=C(c1c(Cc2c(F)cccc2F)n(C2CCCCC2)c2cccnc12)N1CCNCC1,6.169411331314855
2007-11-05,CPD_286,Indolizine,Cc1c(F)cccc1Cc1c(-c2ccccc2)c2ccccn2c1C(=O)N1CCN[C@@H](CO)C1,6.991399828238082
2007-11-05,CPD_287,Indolizine,O=C(c1c(Cc2c(F)cccc2Cl)c(-c2ccccc2)c2ccccn12)N1CCNCC1,7.769551078621725
2007-11-21,CPD_288,Indole,Cc1ccc(F)cc1Oc1c(C(=O)N2CCN[C@@H](C)C2)c2cnc(O)cc2n1C1CCCCC1,7.958607314841775
2007-11-26,CPD_289,Indole,Cc1ccc(F)cc1Oc1c(C(=O)N2CCNCC2)c2ccccc2n1C1CCOCC1,6.935542010773081
2007-11-26,CPD_290,Indole,Cc1ccc(F)c(C)c1Oc1c(C(=O)N2CCN[C@@H](C)C2)c2ncccc2n1-c1ccccc1,8.096910013008056
2007-12-03,CPD_291,Indole,Cc1cccc(C)c1Oc1c(C(=O)N[C@H]2[C@@H]3CNC[C@@H]32)c2ncccc2n1-c1ccccc1,5.643974142806877
2007-12-03,CPD_292,Indole,Cc1cccc(C)c1Oc1c(C(=O)N2CCNCC2(C)C)c2ncccc2n1-c1ccccc1,5.602059991327962
2007-12-03,CPD_293,Indole,Cc1cccc(C)c1Oc1c(C(=O)N2CCNC(C)(C)C2)c2ncccc2n1-c1ccccc1,5.962573502059376
2007-12-04,CPD_294,Indole,Cc1cccc(C)c1Oc1c(C(=O)N2C[C@H](C)NC[C@H]2C)c2ncccc2n1-c1ccccc1,5.422508200162774
2007-12-06,CPD_295,Indole,CCCCC1CN(C(=O)c2c(Oc3c(C)cccc3C)n(-c3ccccc3)c3cccnc23)CCN1,6.54515513999149
2007-12-06,CPD_296,Indolizine,Cc1c(F)cccc1Cc1c(C2CCCCC2)c2ccccn2c1C(=O)N1CCNCC1,7.420216403383189
2007-12-06,CPD_297,Indolizine,CNC(=O)c1cnn2c(C(=O)N3CCNCC3)c(Cc3cccc(F)c3C)c(-c3ccccc3)c2c1,8.698970004336019
2007-12-06,CPD_298,Indole,Cc1cccc(C)c1Oc1c(C(=O)N2CC3=C(CNC3)C2)c2ncccc2n1-c1ccccc1,5.35261702988538
2007-12-06,CPD_299,Indolizine,Cc1cccc(C)c1Cc1c(-c2ccccc2)c2ccccn2c1C(=O)N1CCNCC1,6.966576244513049
2007-12-07,CPD_300,Indole,Cc1cccc(C)c1Oc1c(C(=O)N2CCNCC2)c2ncc(O)cc2n1-c1ccccc1,8.522878745280337
2007-12-07,CPD_301,Indole,Cc1cccc(C)c1Oc1c(C(=O)N2CCNCC2Cc2ccccc2)c2ncccc2n1-c1ccccc1,6.377785977033704
2007-12-07,CPD_302,Indole,Cc1cccc(C)c1Oc1c(C(=O)N2CCN[C@@H](C)C2)c2ncc(O)cc2n1-c1ccccc1,7.568636235841011
2007-12-11,CPD_303,Indole,Cc1cccc(C)c1Oc1c(C(=O)N2CCNCC2)c2ncc(OCC(=O)O)cc2n1-c1ccccc1,7.187086643357144
2007-12-11,CPD_304,Indolizine,Cc1c(F)cccc1Cc1c(-c2ccccc2)c2ccccn2c1C(=O)N1CCN[C@H](C)C1,6.790484985457368
2007-12-11,CPD_305,Indole,Cc1ccc(F)c(C)c1Oc1c(C(=O)N2CCNCC2)c2ccc(O)cc2n1-c1ccccc1,8.221848749616356
2007-12-11,CPD_306,Indolizine,Cc1cccc(C)c1Cc1c(-c2ccccc2)c2ccccn2c1C(=O)N1CCN[C@H](C)C1,6.05898575629443
2007-12-13,CPD_307,Indole,Cc1ccc(F)c(C)c1Oc1c(C(=O)N2CCNCC2)c2cnc(O)cc2n1C1CCCCC1,7.008773924307505
2007-12-13,CPD_308,Indolizine,Cc1c(F)cccc1Cc1c(-c2ccccc2)c2cc(O)cnn2c1C(=O)N1CCNCC1,8.096910013008056
2007-12-13,CPD_309,Indole,Cc1ccc(F)c(C)c1Oc1c(C(=O)N2CCN[C@@H](C)C2)c2cnc(O)cc2n1C1CCCCC1,7.431798275933005
2007-12-17,CPD_310,Indolizine,Cc1c(F)cccc1Cc1c(-c2ccccc2)c2cccnn2c1C(=O)N1CCNCC1,8.397940008672036
2007-12-19,CPD_311,Indole,Cc1cccc(C)c1Oc1c(C(=O)N2CCNC[C@H]2Cc2ccccc2)c2ncccc2n1-c1ccccc1,6.8181564120552265
2007-12-19,CPD_312,Indole,COC(=O)CC1CN(C(=O)c2c(Oc3c(C)cccc3C)n(-c3ccccc3)c3cccnc23)CCN1,7.244125144327508
2007-12-21,CPD_313,Indole,CCCCC1CN(C(=O)c2c(Oc3cc(F)ccc3C)n(-c3ccccc3)c3cc(Cl)c(O)cc23)CCN1,5.906578314837764
2007-12-21,CPD_314,Indole,Cc1ccc(F)cc1Oc1c(C(=O)N2CCN[C@@H](C)C2)c2cc(O)c(Cl)cc2n1-c1ccccc1,7.327902142064281
2008-01-03,CPD_315,Indole,CNC(=O)CC1CN(C(=O)c2c(Oc3c(C)cccc3C)n(-c3ccccc3)c3cccnc23)CCN1,7.154901959985742
2008-01-03,CPD_316,Indole,Cc1cccc(C)c1Oc1c(C(=O)N2CCNC(CC(=O)NCC(C)(C)C(N)=O)C2)c2ncccc2n1-c1ccccc1,7.67778070526608
2008-01-09,CPD_317,Indole,Cc1cccc(C)c1Oc1c(C(=O)N2CCNC(C)C2C)c2ncccc2n1-c1ccccc1,5.38933983691012
2008-01-09,CPD_318,Indole,Cc1cccc(C)c1Sc1c(C(=O)N2CCNCC2)c2ncccc2n1-c1ccccc1,8.221848749616356
2008-01-15,CPD_319,Indolizine,CNC(=O)c1ccn2c(C(=O)N3CCNCC3)c(Cc3cccc(F)c3C)c(-c3ccccc3)c2c1,8.397940008672036
2008-01-16,CPD_320,Indolizine,Cc1c(F)cccc1Cc1c(-c2ccccc2)c2ccccn2c1C(=O)N1CCN[C@@H](CC(=O)NCC2CCOCC2)C1,8.301029995663981
2008-01-16,CPD_321,Indolizine,CCCCNC(=O)C[C@H]1CN(C(=O)c2c(Cc3cccc(F)c3C)c(-c3ccccc3)c3ccccn23)CCN1,7.853871964321761
2008-01-17,CPD_322,Indole,Cc1cccc(C)c1Sc1c(C(=O)N2CCNCC2)c2c(ccc[n+]2[O-])n1-c1ccccc1,6.593459819566044
2008-01-17,CPD_323,Indole,Cc1ccc(F)cc1Sc1c(C(=O)N2CCN[C@@H](C)C2)c2ncccc2n1-c1ccccc1,6.718966632752272
2008-01-25,CPD_324,Indole,Cc1cccc(C)c1Oc1c(C(=O)N2CCN[C@@H](CCO)C2)c2ncccc2n1-c1ccccc1,6.497572880015566
2008-01-28,CPD_325,Indolizine,CNC(=O)CC[C@H]1CN(C(=O)c2c(Cc3cccc(F)c3C)c(-c3ccccc3)c3ccccn23)CCN1,6.645891560852599
2008-02-07,CPD_326,Indolizine,CCNC(=O)C[C@H]1CN(C(=O)c2c(Cc3cccc(F)c3C)c(-c3ccccc3)c3ccccn23)CCN1,8.0
2008-02-07,CPD_327,Indolizine,COCCCNC(=O)C[C@H]1CN(C(=O)c2c(Cc3cccc(F)c3C)c(-c3ccccc3)c3ccccn23)CCN1,8.221848749616356
2008-02-18,CPD_328,Indolizine,Cc1c(F)cccc1Cc1c(-c2ccccc2)c2ccccn2c1C(=O)N1CCN[C@@H](CC(=O)NCCS(C)(=O)=O)C1,7.67778070526608
2008-02-18,CPD_329,Indolizine,Cc1c(F)cccc1Cc1c(-c2ccccc2)c2ccccn2c1C(=O)N1CCN[C@@H](CC(=O)NCc2cccnc2)C1,7.420216403383189
2008-02-18,CPD_330,Indolizine,COC(=O)CCNC(=O)C[C@H]1CN(C(=O)c2c(Cc3cccc(F)c3C)c(-c3ccccc3)c3ccccn23)CCN1,7.508638306165727
2008-02-18,CPD_331,Indolizine,Cc1c(F)cccc1Cc1c(-c2ccccc2)c2ccccn2c1C(=O)N1CCN[C@@H](CC(=O)NCCC(=O)N(C)C)C1,7.769551078621725
2008-02-18,CPD_332,Indolizine,Cc1c(F)cccc1Cc1c(-c2ccccc2)c2ccccn2c1C(=O)N1CCN[C@@H](CC(=O)NCCC(=O)O)C1,7.585026652029182
2008-02-19,CPD_333,Indole,CCCCNC(=O)CC1CN(C(=O)c2c(Oc3c(C)cccc3C)n(-c3ccccc3)c3cccnc23)CCN1,7.853871964321761
2008-02-19,CPD_334,Indolizine,Cc1c(F)cccc1Cc1c(-c2ccccc2)c2ccccn2c1C(=O)N1CCN[C@@H](CC(=O)NCCN2CCOCC2)C1,7.823908740944318
2008-02-20,CPD_335,Indole,CNC(=O)CCCNC(=O)CC1CN(C(=O)c2c(Oc3c(C)cccc3C)n(-c3ccccc3)c3cccnc23)CCN1,7.958607314841775
2008-02-20,CPD_336,Indole,Cc1cccc(C)c1Oc1c(C(=O)N2CCNC(CC(=O)NCC3CCOCC3)C2)c2ncccc2n1-c1ccccc1,8.221848749616356
2008-02-20,CPD_337,Indole,Cc1cccc(C)c1Oc1c(C(=O)N2CCNC(CC(=O)NCCCC(=O)N(C)C)C2)c2ncccc2n1-c1ccccc1,7.455931955649724
2008-02-20,CPD_338,Indole,Cc1cccc(C)c1Oc1c(C(=O)N2CCNC(CC(=O)NCCN3CCOCC3)C2)c2ncccc2n1-c1ccccc1,7.050609993355087
2008-02-20,CPD_339,Indole,Cc1cccc(C)c1Oc1c(C(=O)N2CCNC(CC(=O)N3CCC(C(N)=O)CC3)C2)c2ncccc2n1-c1ccccc1,7.244125144327508
2008-02-20,CPD_340,Indole,COCCCNC(=O)CC1CN(C(=O)c2c(Oc3c(C)cccc3C)n(-c3ccccc3)c3cccnc23)CCN1,8.221848749616356
2008-02-26,CPD_341,Indole,COCCNC(=O)CC1CN(C(=O)c2c(Oc3c(C)cccc3C)n(-c3ccccc3)c3cccnc23)CCN1,7.251811972993798
2008-02-26,CPD_342,Indolizine,COc1ccn2c(C(=O)N3CCNCC3)c(Cc3cccc(F)c3C)c(-c3ccccc3)c2c1,7.552841968657781
2008-02-26,CPD_343,Indolizine,Cc1c(F)cccc1Cc1c(-c2ccccc2)c2ccccn2c1C(=O)N1CCN[C@@H](CC(=O)NCc2ccccn2)C1,7.292429823902062
2008-02-28,CPD_344,Indolizine,Cc1c(F)cccc1Cc1c(-c2ccccc2)c2ccccn2c1C(=O)N1C[C@@H](O)[C@@H](N)C1,5.72584215073632
2008-03-03,CPD_345,Indole,Cc1cccc(C)c1Oc1c(C(=O)N2CCNC(CC(=O)NCCC3CCOCC3)C2)c2ncccc2n1-c1ccccc1,7.721246399047171
2008-03-03,CPD_346,Indole,Cc1cccc(C)c1Oc1c(C(=O)N2CCNC(CC(=O)NCCO)C2)c2ncccc2n1-c1ccccc1,7.4089353929735
2008-03-10,CPD_347,Indole,Cc1cccc(C)c1Oc1c(C(=O)N2CCNC(CC(=O)N[C@H](C)C(=O)N(C)C)C2)c2ncccc2n1-c1ccccc1,7.420216403383189
2008-03-10,CPD_348,Indole,Cc1cccc(C)c1Oc1c(C(=O)N2CCNC(CC(=O)NCCC#N)C2)c2ncccc2n1-c1ccccc1,7.795880017344074
2008-03-10,CPD_349,Indole,Cc1cccc(C)c1Oc1c(C(=O)N2CCNC(CC(=O)N[C@@H](C)C(=O)N(C)C)C2)c2ncccc2n1-c1ccccc1,7.387216143280263
2008-03-10,CPD_350,Indole,Cc1cccc(C)c1Oc1c(C(=O)N2CCNC(CC(=O)NC[C@@H]3CCC(=O)N3)C2)c2ncccc2n1-c1ccccc1,7.795880017344074
2008-03-10,CPD_351,Indole,Cc1cccc(C)c1Oc1c(C(=O)N2CCNC(CC(=O)NCCS(C)(=O)=O)C2)c2ncccc2n1-c1ccccc1,7.187086643357144
2008-03-10,CPD_352,Indole,Cc1cccc(C)c1Oc1c(C(=O)N2CCNC(CC(=O)N(C)CC3CCOCC3)C2)c2ncccc2n1-c1ccccc1,8.096910013008056
2008-03-10,CPD_353,Indole,Cc1cccc(C)c1Oc1c(C(=O)N2CCNC(CC(=O)NCCCO)C2)c2ncccc2n1-c1ccccc1,7.167491087293763
2008-03-10,CPD_354,Indole,Cc1cccc(C)c1Oc1c(C(=O)N2CCNC(CC(=O)NCCC(=O)N(C)C)C2)c2ncccc2n1-c1ccccc1,7.397940008672037
2008-03-11,CPD_355,Indole,Cc1cccc(C)c1Oc1c(C(=O)N2CCN[C@@H](CC(=O)NCC(C)(C)C(N)=O)C2)c2ncccc2n1-c1ccccc1,8.045757490560675
2008-03-11,CPD_356,Indole,Cc1cccc(C)c1Oc1c(C(=O)N2CCN[C@H](CC(=O)NCC(C)(C)C(N)=O)C2)c2ncccc2n1-c1ccccc1,7.958607314841775
2008-03-20,CPD_357,Indole,COCCNC(=O)CC1CN(C(=O)c2c(Cc3cccc(F)c3C)n(-c3ccccc3)c3cc(OC)ncc23)CCN1,7.259637310505756
2008-03-20,CPD_358,Indole,COc1cc2c(cn1)c(C(=O)N1CCNC(CC(=O)NCCC#N)C1)c(Cc1cccc(F)c1C)n2-c1ccccc1,7.102372908709557
2008-03-20,CPD_359,Indole,COc1cc2c(cn1)c(C(=O)N1CCNC(CC(=O)NCC3CCOCC3)C1)c(Cc1cccc(F)c1C)n2-c1ccccc1,7.494850021680094
2008-03-20,CPD_360,Indolizine,COCCNC(=O)C[C@H]1CN(C(=O)c2c(Cc3cccc(F)c3C)c(-c3ccccc3)c3cc(C(=O)N(C)C)cnn23)CCN1,8.096910013008056
2008-03-27,CPD_361,Indole,Cc1cccc(C)c1Oc1c(C(=O)N2CCNC(CC(=O)NCC3(C(=O)N(C)C)CC3)C2)c2ncccc2n1-c1ccccc1,7.318758762624412
2008-03-27,CPD_362,Indole,Cc1cccc(C)c1Oc1c(C(=O)N2CCNC(CC(=O)NCCC#N)C2)c2ncccc2n1C1CCCCC1,6.412289034981088
2008-03-27,CPD_363,Indole,Cc1cccc(C)c1Oc1c(C(=O)N2CCNC(CC(=O)NC3(C(=O)N(C)C)CC3)C2)c2ncccc2n1-c1ccccc1,6.7281583934635005
2008-03-27,CPD_364,Indole,Cc1cccc(C)c1Oc1c(C(=O)N2CCNC(CC(=O)NCC3CCOCC3)C2)c2ncccc2n1C1CCCCC1,7.602059991327962
2008-03-27,CPD_365,Indole,COCCNC(=O)CC1CN(C(=O)c2c(Oc3c(C)cccc3C)n(C3CCCCC3)c3cccnc23)CCN1,7.4089353929735
2008-03-27,CPD_366,Indole,Cc1cccc(C)c1Oc1c(C(=O)N2CCNC(CC(=O)NCC(=O)N(C)C)C2)c2ncccc2n1-c1ccccc1,6.838631997765024
2008-03-27,CPD_367,Indole,CC[C@@H](CNC(=O)CC1CN(C(=O)c2c(Oc3c(C)cccc3C)n(-c3ccccc3)c3cccnc23)CCN1)C(=O)N(C)C,7.568636235841011
2008-03-28,CPD_368,Indolizine,Cc1c(F)cccc1Cc1c(-c2ccccc2)c2ccccn2c1C(=O)N1C[C@@H](N)[C@H](O)C1,5.172630726946174
2008-03-31,CPD_369,Indole,COc1ccc2c(C(=O)N3CCNC(CC(=O)NCC(C)(C)C(N)=O)C3)c(Cc3cccc(F)c3C)n(-c3ccccc3)c2c1,7.366531544420413
2008-04-01,CPD_370,Indolizine,Cc1c(F)cccc1Cc1c(-c2ccccc2)c2cc(C(=O)N3CCCCC3)cnn2c1C(=O)N1CCN[C@@H](CC(=O)NCCO)C1,8.154901959985743
2008-04-02,CPD_371,Indolizine,COCCNC(=O)C[C@H]1CN(C(=O)c2c(Cc3cccc(F)c3C)c(-c3ccccc3)c3cc(C(=O)N(C)C)ccn23)CCN1,8.698970004336019
2008-04-02,CPD_372,Indolizine,CCNC(=O)C[C@H]1CN(C(=O)c2c(Cc3cccc(F)c3C)c(-c3ccccc3)c3cc(C(=O)N(C)C)ccn23)CCN1,8.698970004336019
2008-04-04,CPD_373,Indole,CC[C@H](CNC(=O)CC1CN(C(=O)c2c(Oc3c(C)cccc3C)n(-c3ccccc3)c3cccnc23)CCN1)C(=O)N(C)C,6.903089986991943
2008-04-04,CPD_374,Indole,Cc1c(F)cccc1Cc1c(C(=O)N2CCNC(CC(=O)NCC(C)(C)C(N)=O)C2)c2ccc(O)cc2n1-c1ccccc1,7.346787486224656
2008-04-04,CPD_375,Indole,Cc1cccc(C)c1Oc1c(C(=O)N2CCNC(CC(=O)NC[C@@H](C)C(=O)N(C)C)C2)c2ncccc2n1-c1ccccc1,6.48017200622428
2008-04-04,CPD_376,Indole,Cc1cccc(C)c1Oc1c(C(=O)N2CCNC(CC(=O)NC[C@H](C)C(=O)N(C)C)C2)c2ncccc2n1-c1ccccc1,6.950781977329818
2008-04-08,CPD_377,Indolizine,CCNC(=O)C[C@H]1CN(C(=O)c2c(Cc3cccc(F)c3C)c(-c3ccccc3)c3cc(C(=O)N(C)C)cnn23)CCN1,8.221848749616356
2008-04-08,CPD_378,Indolizine,CCNC(=O)C[C@H]1CN(C(=O)c2c(Cc3cccc(F)c3C)c(-c3ccccc3)c3cc(C(=O)N(CC)CC)cnn23)CCN1,7.886056647693162
2008-04-08,CPD_379,Indole,COCCCNC(=O)CC1CN(C(=O)c2c(Cc3cccc(F)c3C)n(-c3ccccc3)c3cc(OC)ccc23)CCN1,7.180456064458132
2008-04-14,CPD_380,Indole,COc1ccc2c(C(=O)N3CCNC(CC(=O)NCCC#N)C3)c(Cc3cccc(F)c3C)n(-c3ccccc3)c2c1,7.136677139879544
2008-04-14,CPD_381,Indole,COc1ccc2c(C(=O)N3CCNC(CC(=O)N(C)CC4CCOCC4)C3)c(Cc3cccc(F)c3C)n(-c3ccccc3)c2c1,6.970616222314789
2008-04-15,CPD_382,Indole,COc1cc2c(cn1)c(C(=O)N1CCNC(CC(=O)N(C)CC3CCOCC3)C1)c(Cc1cccc(F)c1C)n2-c1ccccc1,6.853871964321761
2008-04-15,CPD_383,Indolizine,Cc1c(F)cccc1Cc1c(C(=O)N2CCNCC2)c2cc(Br)ccn2c1-c1ccccc1,6.4461169733561245
2008-04-15,CPD_384,Indolizine,Cc1c(F)cccc1Cc1c(C(=O)N2CCN[C@@H](C)C2)c2cc(Br)ccn2c1-c1ccccc1,6.307153080722769
2008-04-23,CPD_385,Indole,COc1ccc2c(C(=O)N3CCNC(CC(=O)N(C)CCC#N)C3)c(Cc3cccc(F)c3C)n(-c3ccccc3)c2c1,7.180456064458132
2008-04-24,CPD_386,Indolizine,COCCN(C)C(=O)C[C@H]1CN(C(=O)c2c(Cc3cccc(F)c3C)c(-c3ccccc3)c3cc(C(=O)N(C)C)cnn23)CCN1,7.744727494896693
2008-05-06,CPD_387,Indole,CCN(CC1CCOCC1)C(=O)CC1CN(C(=O)c2c(Cc3cccc(F)c3C)n(-c3ccccc3)c3cc(OC)ccc23)CCN1,7.0655015487564325
